Name,Phone,Email,Country,Region,Text
Alexander Man,(253) 733-8307,ut.mi@outlook.org,Brazil,Friesland,at arcu. Vestibulum ante ipsum primis in faucibus orci luctus
Stuart Christian,(933) 856-6128,a.facilisis@protonmail.org,Austria,Sokoto,"dui quis accumsan convallis, ante lectus convallis est, vitae sodales"
Slade Cooper,(582) 474-4667,fusce.mollis@icloud.couk,India,Uttarakhand,odio. Phasellus at augue id ante dictum cursus. Nunc mauris
Rahim Harding,(721) 115-4346,mauris.sit@hotmail.org,Pakistan,Tula Oblast,sed tortor. Integer aliquam adipiscing lacus. Ut nec urna et
Octavia Logan,1-465-780-8442,velit.aliquam@yahoo.edu,Germany,Araucanía,"Quisque ac libero nec ligula consectetuer rhoncus. Nullam velit dui,"
Madaline Robles,1-826-387-1185,nulla.dignissim@icloud.edu,United Kingdom,Bahia,"risus varius orci, in consequat enim diam vel arcu. Curabitur"
Jared Ray,(375) 856-6182,suspendisse.dui@icloud.couk,South Africa,Waals-Brabant,"eu, placerat eget, venenatis a, magna. Lorem ipsum dolor sit"
Joel Wiley,(866) 828-9631,velit.eu@protonmail.net,Philippines,Sicilia,erat. Etiam vestibulum massa rutrum magna. Cras convallis convallis dolor.
Lacota Lopez,1-672-414-5256,neque.nullam.ut@outlook.org,Pakistan,North Island,"urna justo faucibus lectus, a sollicitudin orci sem eget massa."
Hedy Sanford,1-710-380-3405,porttitor.interdum.sed@hotmail.edu,China,East Region,"pharetra ut, pharetra sed, hendrerit a, arcu. Sed et libero."
Wyatt Bray,(186) 256-5204,cursus.luctus@protonmail.com,India,Alajuela,"porttitor vulputate, posuere vulputate, lacus. Cras interdum. Nunc sollicitudin commodo"
Winifred Monroe,1-383-677-5848,nam.consequat.dolor@hotmail.net,Vietnam,Putumayo,"nec, cursus a, enim. Suspendisse aliquet, sem ut cursus luctus,"
Paul Robertson,1-682-430-8625,ad@hotmail.org,Turkey,Cao Bằng,ligula eu enim. Etiam imperdiet dictum magna. Ut tincidunt orci
Ivy Terrell,1-928-516-7880,velit@outlook.couk,Canada,Valle d'Aosta,"nulla vulputate dui, nec tempus mauris erat eget ipsum. Suspendisse"
Remedios Melton,1-435-871-8221,a@icloud.couk,United Kingdom,Lào Cai,Maecenas ornare egestas ligula. Nullam feugiat placerat velit. Quisque varius.
Yvette Walton,(714) 625-7426,at.nisi.cum@hotmail.net,Australia,Styria,"Phasellus libero mauris, aliquam eu, accumsan sed, facilisis vitae, orci."
Nolan Vaughan,1-696-725-7857,elit.nulla@google.ca,Brazil,Benue,luctus felis purus ac tellus. Suspendisse sed dolor. Fusce mi
Macaulay Berger,1-167-676-6903,neque.vitae@outlook.com,Austria,Luxemburg,"dictum mi, ac mattis velit justo nec ante. Maecenas mi"
Brandon Alford,1-301-764-7361,dapibus.quam@outlook.org,South Africa,Yucatán,"eget, ipsum. Donec sollicitudin adipiscing ligula. Aenean gravida nunc sed"
Camilla Ortiz,(879) 345-4060,tellus.sem.mollis@aol.net,New Zealand,Friuli-Venezia Giulia,massa. Vestibulum accumsan neque et nunc. Quisque ornare tortor at
Simon Pruitt,1-880-271-2004,consectetuer.adipiscing@hotmail.edu,Ireland,Ulster,"hendrerit a, arcu. Sed et libero. Proin mi. Aliquam gravida"
Kennan Lara,(251) 278-5254,fusce@outlook.couk,United States,Troms og Finnmark,vulputate ullamcorper magna. Sed eu eros. Nam consequat dolor vitae
Autumn Cabrera,1-782-300-1866,integer.vitae.nibh@yahoo.org,Poland,Salzburg,"convallis erat, eget tincidunt dui augue eu tellus. Phasellus elit"
Malachi Ross,(527) 124-5451,laoreet.lectus@google.ca,Turkey,Liguria,pede ac urna. Ut tincidunt vehicula risus. Nulla eget metus
Clementine Blevins,1-207-513-7175,tincidunt.neque.vitae@icloud.ca,France,Vorarlberg,Nulla facilisi. Sed neque. Sed eget lacus. Mauris non dui
Theodore Bolton,1-889-648-4163,euismod@yahoo.ca,China,South Island,"sed orci lobortis augue scelerisque mollis. Phasellus libero mauris, aliquam"
Imani Kline,1-203-580-3228,arcu.vestibulum.ante@aol.net,Sweden,Oyo,"dictum eu, eleifend nec, malesuada ut, sem. Nulla interdum. Curabitur"
Hamish Sweeney,(268) 133-2512,urna.et.arcu@outlook.ca,Nigeria,Puntarenas,"ac sem ut dolor dapibus gravida. Aliquam tincidunt, nunc ac"
Ali Carlson,(906) 992-8549,diam.pellentesque@hotmail.couk,South Korea,La Rioja,"sed orci lobortis augue scelerisque mollis. Phasellus libero mauris, aliquam"
Ulysses King,(844) 348-1667,ornare@aol.com,Belgium,Jönköpings län,neque. Nullam ut nisi a odio semper cursus. Integer mollis.
Chelsea Todd,(330) 873-2853,morbi.tristique.senectus@yahoo.net,Italy,Arunachal Pradesh,"mi. Duis risus odio, auctor vitae, aliquet nec, imperdiet nec,"
Gavin Bird,1-823-544-9990,ridiculus@outlook.edu,Canada,Staffordshire,"lacus. Quisque imperdiet, erat nonummy ultricies ornare, elit elit fermentum"
Mary Drake,1-319-560-8016,cursus.diam.at@icloud.ca,Brazil,Västra Götalands län,"facilisis vitae, orci. Phasellus dapibus quam quis diam. Pellentesque habitant"
Glenna Smith,(416) 462-5364,nisi.magna@google.com,Chile,Daman and Diu,mus. Aenean eget magna. Suspendisse tristique neque venenatis lacus. Etiam
Michelle Macdonald,1-214-257-7715,arcu.vivamus@hotmail.edu,India,Quảng Ninh,dignissim lacus. Aliquam rutrum lorem ac risus. Morbi metus. Vivamus
Adara Horton,(224) 657-2741,rutrum@hotmail.net,South Korea,Midi-Pyrénées,mus. Donec dignissim magna a tortor. Nunc commodo auctor velit.
Harding Eaton,(476) 961-0511,mauris.integer@yahoo.com,Singapore,Cantabria,"malesuada vel, convallis in, cursus et, eros. Proin ultrices. Duis"
Erin Lowery,(344) 834-5216,in.nec@hotmail.couk,Italy,South Jeolla,sit amet lorem semper auctor. Mauris vel turpis. Aliquam adipiscing
Aspen Velez,1-552-188-4717,arcu@google.net,Canada,Île-de-France,"vehicula et, rutrum eu, ultrices sit amet, risus. Donec nibh"
Amery West,1-745-605-7635,sed@aol.net,Norway,Valle d'Aosta,"commodo at, libero. Morbi accumsan laoreet ipsum. Curabitur consequat, lectus"
Zeus Combs,1-243-593-7132,consequat.dolor@yahoo.net,Nigeria,Alberta,"vulputate, nisi sem semper erat, in consectetuer ipsum nunc id"
Kathleen Phelps,(332) 837-9186,nunc@google.net,Ukraine,Cundinamarca,"magna. Lorem ipsum dolor sit amet, consectetuer adipiscing elit. Etiam"
Kasper Fletcher,(268) 665-2230,dui.nec@outlook.com,Sweden,Santa Catarina,"elementum sem, vitae aliquam eros turpis non enim. Mauris quis"
Fitzgerald Clarke,(682) 881-9384,cras.eget@outlook.edu,Australia,Ilocos Region,Vivamus nisi. Mauris nulla. Integer urna. Vivamus molestie dapibus ligula.
Allistair Harding,1-536-315-5574,laoreet.ipsum@protonmail.net,Nigeria,Clackmannanshire,"facilisis. Suspendisse commodo tincidunt nibh. Phasellus nulla. Integer vulputate, risus"
Abdul Shields,1-982-678-4026,aliquet@hotmail.net,Ireland,Cordillera Administrative Region,eu elit. Nulla facilisi. Sed neque. Sed eget lacus. Mauris
Aspen Mclean,1-421-237-2847,eu.tempor@hotmail.com,Costa Rica,Utah,et nunc. Quisque ornare tortor at risus. Nunc ac sem
Lisandra Todd,1-368-553-3697,molestie.tortor@icloud.ca,South Korea,Dalarnas län,ut quam vel sapien imperdiet ornare. In faucibus. Morbi vehicula.
Zorita Grimes,1-377-182-7823,semper.pretium@google.couk,Netherlands,Sinaloa,"blandit. Nam nulla magna, malesuada vel, convallis in, cursus et,"
Evangeline Klein,1-674-911-3760,tincidunt.orci@hotmail.net,Austria,South Chungcheong,odio. Nam interdum enim non nisi. Aenean eget metus. In
Guy Lynch,(180) 682-1834,facilisis.facilisis@aol.ca,Poland,Kharkiv oblast,"et, lacinia vitae, sodales at, velit. Pellentesque ultricies dignissim lacus."
Giselle Solis,1-831-482-6617,tincidunt.nibh@yahoo.edu,Germany,Antofagasta,"sem, consequat nec, mollis vitae, posuere at, velit. Cras lorem"
Jesse Hart,1-961-296-2687,vulputate.mauris.sagittis@icloud.com,New Zealand,Rogaland,Sed dictum. Proin eget odio. Aliquam vulputate ullamcorper magna. Sed
Liberty Shields,(841) 352-2654,purus@google.couk,Spain,Orkney,"suscipit, est ac facilisis facilisis, magna tellus faucibus leo, in"
Heidi Norman,1-466-141-8377,lacus.mauris.non@hotmail.couk,Austria,Jalisco,"parturient montes, nascetur ridiculus mus. Proin vel nisl. Quisque fringilla"
Nero Kemp,(959) 961-3733,pellentesque.habitant@hotmail.edu,Turkey,Cesar,"dolor, nonummy ac, feugiat non, lobortis quis, pede. Suspendisse dui."
Pandora Kirkland,(837) 366-4034,praesent@icloud.ca,Netherlands,Östergötlands län,"egestas a, scelerisque sed, sapien. Nunc pulvinar arcu et pede."
Jorden Kennedy,1-219-176-5350,pede.sagittis@protonmail.net,South Africa,Burgenland,neque non quam. Pellentesque habitant morbi tristique senectus et netus
Aspen Mcclain,(684) 298-7097,egestas.nunc@hotmail.com,Singapore,Castilla y León,"pede nec ante blandit viverra. Donec tempus, lorem fringilla ornare"
Anne Garner,(548) 526-5423,ornare.lectus@protonmail.com,New Zealand,Azad Kashmir,mauris blandit mattis. Cras eget nisi dictum augue malesuada malesuada.
Shad Willis,1-938-615-4749,tellus.imperdiet.non@outlook.com,Italy,Northern Territory,neque et nunc. Quisque ornare tortor at risus. Nunc ac
Gisela Campbell,(617) 659-2868,integer.sem@outlook.ca,Colombia,Paraná,eu eros. Nam consequat dolor vitae dolor. Donec fringilla. Donec
Seth Francis,1-256-273-7443,sit.amet@outlook.com,Australia,Mpumalanga,interdum. Curabitur dictum. Phasellus in felis. Nulla tempor augue ac
Christen Everett,1-661-934-2687,tempor.diam@outlook.com,Poland,Oost-Vlaanderen,Quisque tincidunt pede ac urna. Ut tincidunt vehicula risus. Nulla
Kennedy Bonner,(124) 877-5727,tincidunt@icloud.ca,Singapore,Rutland,"posuere vulputate, lacus. Cras interdum. Nunc sollicitudin commodo ipsum. Suspendisse"
Paloma Lewis,1-354-270-5516,suspendisse.sed@icloud.org,Turkey,Lipetsk Oblast,fames ac turpis egestas. Aliquam fringilla cursus purus. Nullam scelerisque
Aretha Aguilar,1-765-647-2616,tincidunt.congue@protonmail.net,Italy,Bahia,"diam. Sed diam lorem, auctor quis, tristique ac, eleifend vitae,"
Caldwell Delaney,(664) 448-2554,in.consequat@hotmail.couk,Russian Federation,Dolnośląskie,"dapibus gravida. Aliquam tincidunt, nunc ac mattis ornare, lectus ante"
Eleanor Cruz,1-619-417-6406,eget.volutpat@outlook.net,Nigeria,Heredia,quis turpis vitae purus gravida sagittis. Duis gravida. Praesent eu
Lionel Stone,(656) 898-6435,facilisis@icloud.net,Italy,Basse-Normandie,"vitae sodales nisi magna sed dui. Fusce aliquam, enim nec"
Leilani Pope,1-994-525-8658,semper@protonmail.com,China,Burgenland,"Fusce aliquam, enim nec tempus scelerisque, lorem ipsum sodales purus,"
Shaeleigh Gay,1-226-318-3367,bibendum.donec@protonmail.net,Nigeria,Podlaskie,"ornare sagittis felis. Donec tempor, est ac mattis semper, dui"
Hermione Bryan,1-533-416-2411,convallis.in@yahoo.org,New Zealand,Munster,varius. Nam porttitor scelerisque neque. Nullam nisl. Maecenas malesuada fringilla
Cathleen Fleming,1-251-318-2628,rhoncus.donec@icloud.org,Colombia,Principado de Asturias,primis in faucibus orci luctus et ultrices posuere cubilia Curae
Ruby Goodman,1-838-678-6497,ac@icloud.couk,South Korea,Arequipa,"Sed congue, elit sed consequat auctor, nunc nulla vulputate dui,"
Colton Sims,(436) 516-7806,velit@google.ca,New Zealand,Huádōng,ante. Vivamus non lorem vitae odio sagittis semper. Nam tempor
Callum Nunez,1-232-577-6926,nec@google.net,Russian Federation,Midi-Pyrénées,"natoque penatibus et magnis dis parturient montes, nascetur ridiculus mus."
Ariel Watts,(257) 863-9885,phasellus.libero@yahoo.couk,Chile,Rivers,"In ornare sagittis felis. Donec tempor, est ac mattis semper,"
Yuli Cain,(442) 351-5298,risus@protonmail.ca,Pakistan,North Island,et nunc. Quisque ornare tortor at risus. Nunc ac sem
Uriel Chavez,1-853-421-8465,dis.parturient.montes@yahoo.net,China,KwaZulu-Natal,"ornare placerat, orci lacus vestibulum lorem, sit amet ultricies sem"
Brianna Bartlett,1-769-192-6595,euismod.ac@google.ca,Peru,Zhytomyr oblast,malesuada fringilla est. Mauris eu turpis. Nulla aliquet. Proin velit.
Karleigh Haney,1-858-683-1269,eu.ultrices.sit@icloud.ca,Austria,Volyn oblast,"In ornare sagittis felis. Donec tempor, est ac mattis semper,"
Hamilton Dodson,1-123-546-6437,sapien.aenean@icloud.couk,Italy,North-East Region,"Aliquam ornare, libero at auctor ullamcorper, nisl arcu iaculis enim,"
Lance Randall,(219) 256-7087,mollis@protonmail.ca,Singapore,Quảng Bình,"iaculis quis, pede. Praesent eu dui. Cum sociis natoque penatibus"
Edward Page,(422) 207-8748,sodales.elit.erat@google.ca,Germany,Tasmania,"nisi sem semper erat, in consectetuer ipsum nunc id enim."
Carl Reilly,1-314-828-8604,enim.condimentum@icloud.net,Ireland,Yên Bái,"massa lobortis ultrices. Vivamus rhoncus. Donec est. Nunc ullamcorper, velit"
Veronica Gilbert,1-236-462-2626,dapibus.id.blandit@icloud.edu,Philippines,Denbighshire,nunc sed libero. Proin sed turpis nec mauris blandit mattis.
Ocean Page,1-759-683-2223,nunc.nulla.vulputate@protonmail.org,India,South Island,"aliquet vel, vulputate eu, odio. Phasellus at augue id ante"
Sydnee Acevedo,(515) 288-1816,libero.donec@aol.ca,Belgium,Berwickshire,volutpat. Nulla dignissim. Maecenas ornare egestas ligula. Nullam feugiat placerat
Cain Hernandez,1-631-663-3571,ut.odio.vel@hotmail.ca,Spain,İzmir,Aliquam ultrices iaculis odio. Nam interdum enim non nisi. Aenean
Venus O'Neill,1-839-616-7161,pede.cum.sociis@hotmail.org,Nigeria,Derbyshire,"semper et, lacinia vitae, sodales at, velit. Pellentesque ultricies dignissim"
Mark Crosby,1-782-163-9431,mi.eleifend@protonmail.org,Netherlands,New South Wales,arcu eu odio tristique pharetra. Quisque ac libero nec ligula
Ronan Lynch,(742) 672-9502,proin@aol.net,South Africa,Guaviare,Cras convallis convallis dolor. Quisque tincidunt pede ac urna. Ut
Cora Guerrero,1-245-537-0629,enim.mi@yahoo.org,Philippines,Balochistan,"lacinia. Sed congue, elit sed consequat auctor, nunc nulla vulputate"
Zane Everett,1-246-714-2789,consequat.dolor@yahoo.couk,Turkey,Western Australia,a neque. Nullam ut nisi a odio semper cursus. Integer
Noah Eaton,(833) 324-1324,vestibulum.ante@aol.org,Nigeria,Konya,"lorem fringilla ornare placerat, orci lacus vestibulum lorem, sit amet"
Diana Andrews,(322) 315-4835,ac.fermentum@google.couk,Belgium,South Island,cubilia Curae Donec tincidunt. Donec vitae erat vel pede blandit
Berk Francis,1-464-288-7486,cursus.a.enim@hotmail.couk,Turkey,Lviv oblast,"tellus non magna. Nam ligula elit, pretium et, rutrum non,"
Iola Edwards,1-354-845-4354,adipiscing@google.org,South Korea,Rogaland,"velit. Sed malesuada augue ut lacus. Nulla tincidunt, neque vitae"
Orson Garcia,(314) 543-0715,tellus.sem@protonmail.com,Australia,Zeeland,Quisque ornare tortor at risus. Nunc ac sem ut dolor
